,Mafia,Citizen,Police,Doctor,Mafia/Citizen,Mafia Win Rate
0,1,6,2,1,16.6666667,0.6497000
1,1,7,2,1,14.2857143,0.6577000
2,1,8,2,1,12.5000000,0.6272000
3,1,8,3,1,12.5000000,0.6740000
4,1,8,3,2,12.5000000,0.6675000
5,1,9,2,1,11.1111111,0.6282000
6,1,9,3,1,11.1111111,0.6780000
7,1,9,3,2,11.1111111,0.6839000
8,1,10,2,1,10.0000000,0.5975000
9,1,10,3,1,10.0000000,0.6546000
10,1,10,3,2,10.0000000,0.6479000
11,1,10,4,1,10.0000000,0.6938000
12,1,10,4,2,10.0000000,0.6962000
13,1,10,4,3,10.0000000,0.6856000
14,1,11,2,1,9.0909091,0.6107000
15,1,11,3,1,9.0909091,0.6497000
16,1,11,3,2,9.0909091,0.6708000
17,1,11,4,1,9.0909091,0.6936000
18,1,11,4,2,9.0909091,0.6923000
19,1,11,4,3,9.0909091,0.6925000
20,1,12,2,1,8.3333333,0.5763000
21,1,12,3,1,8.3333333,0.6350000
22,1,12,3,2,8.3333333,0.6330000
23,1,12,4,1,8.3333333,0.6681000
24,1,12,4,2,8.3333333,0.6734000
25,1,12,4,3,8.3333333,0.6702000
26,1,12,5,1,8.3333333,0.7095000
27,1,12,5,2,8.3333333,0.6931000
28,1,12,5,3,8.3333333,0.7002000
29,1,12,5,4,8.3333333,0.7001000
30,1,13,2,1,7.6923077,0.5838000
31,1,13,3,1,7.6923077,0.6421000
32,1,13,3,2,7.6923077,0.6363000
33,1,13,4,1,7.6923077,0.6721000
34,1,13,4,2,7.6923077,0.6773000
35,1,13,4,3,7.6923077,0.6866000
36,1,13,5,1,7.6923077,0.7067000
37,1,13,5,2,7.6923077,0.7076000
38,1,13,5,3,7.6923077,0.6996000
39,1,13,5,4,7.6923077,0.7013000
40,1,14,2,1,7.1428571,0.5552000
41,1,14,3,1,7.1428571,0.6093000
42,1,14,3,2,7.1428571,0.6172000
43,1,14,4,1,7.1428571,0.6545000
44,1,14,4,2,7.1428571,0.6524000
45,1,14,4,3,7.1428571,0.6600000
46,1,14,5,1,7.1428571,0.6821000
47,1,14,5,2,7.1428571,0.6787000
48,1,14,5,3,7.1428571,0.6866000
49,1,14,5,4,7.1428571,0.6841000
50,1,14,6,1,7.1428571,0.7062000
51,1,14,6,2,7.1428571,0.7014000
52,1,14,6,3,7.1428571,0.7050000
53,1,14,6,4,7.1428571,0.7038000
54,1,14,6,5,7.1428571,0.7042000
55,1,15,2,1,6.6666667,0.5532000
56,1,15,3,1,6.6666667,0.6167000
57,1,15,3,2,6.6666667,0.6173000
58,1,15,4,1,6.6666667,0.6672000
59,1,15,4,2,6.6666667,0.6654000
60,1,15,4,3,6.6666667,0.6556000
61,1,15,5,1,6.6666667,0.6926000
62,1,15,5,2,6.6666667,0.6783000
63,1,15,5,3,6.6666667,0.6846000
64,1,15,5,4,6.6666667,0.6866000
65,1,15,6,1,6.6666667,0.7079000
66,1,15,6,2,6.6666667,0.7154000
67,1,15,6,3,6.6666667,0.7071000
68,1,15,6,4,6.6666667,0.7097000
69,1,15,6,5,6.6666667,0.7186000
70,1,16,2,1,6.2500000,0.5291000
71,1,16,3,1,6.2500000,0.5980000
72,1,16,3,2,6.2500000,0.5887000
73,1,16,4,1,6.2500000,0.6407000
74,1,16,4,2,6.2500000,0.6359000
75,1,16,4,3,6.2500000,0.6378000
76,1,16,5,1,6.2500000,0.6596000
77,1,16,5,2,6.2500000,0.6699000
78,1,16,5,3,6.2500000,0.6677000
79,1,16,5,4,6.2500000,0.6705000
80,1,16,6,1,6.2500000,0.6892000
81,1,16,6,2,6.2500000,0.6789000
82,1,16,6,3,6.2500000,0.6902000
83,1,16,6,4,6.2500000,0.6896000
84,1,16,6,5,6.2500000,0.6963000
85,1,16,7,1,6.2500000,0.7122000
86,1,16,7,2,6.2500000,0.7149000
87,1,16,7,3,6.2500000,0.7071000
88,1,16,7,4,6.2500000,0.7153000
89,1,16,7,5,6.2500000,0.7085000
90,1,16,7,6,6.2500000,0.7177000
91,1,17,2,1,5.8823529,0.5476000
92,1,17,3,1,5.8823529,0.5952000
93,1,17,3,2,5.8823529,0.5828000
94,1,17,4,1,5.8823529,0.6445000
95,1,17,4,2,5.8823529,0.6376000
96,1,17,4,3,5.8823529,0.6419000
97,1,17,5,1,5.8823529,0.6712000
98,1,17,5,2,5.8823529,0.6707000
99,1,17,5,3,5.8823529,0.6712000
100,1,17,5,4,5.8823529,0.6673000
101,1,17,6,1,5.8823529,0.7041000
102,1,17,6,2,5.8823529,0.6957000
103,1,17,6,3,5.8823529,0.7019000
104,1,17,6,4,5.8823529,0.7070000
105,1,17,6,5,5.8823529,0.6965000
106,1,17,7,1,5.8823529,0.7200000
107,1,17,7,2,5.8823529,0.7213000
108,1,17,7,3,5.8823529,0.7104000
109,1,17,7,4,5.8823529,0.7275000
110,1,17,7,5,5.8823529,0.7165000
111,1,17,7,6,5.8823529,0.7159000
112,1,18,2,1,5.5555556,0.5189000
113,1,18,3,1,5.5555556,0.5758000
114,1,18,3,2,5.5555556,0.5730000
115,1,18,4,1,5.5555556,0.6187000
116,1,18,4,2,5.5555556,0.6230000
117,1,18,4,3,5.5555556,0.6195000
118,1,18,5,1,5.5555556,0.6533000
119,1,18,5,2,5.5555556,0.6582000
120,1,18,5,3,5.5555556,0.6497000
121,1,18,5,4,5.5555556,0.6544000
122,1,18,6,1,5.5555556,0.6795000
123,1,18,6,2,5.5555556,0.6781000
124,1,18,6,3,5.5555556,0.6829000
125,1,18,6,4,5.5555556,0.6824000
126,1,18,6,5,5.5555556,0.6735000
127,1,18,7,1,5.5555556,0.6941000
128,1,18,7,2,5.5555556,0.6947000
129,1,18,7,3,5.5555556,0.6949000
130,1,18,7,4,5.5555556,0.6965000
131,1,18,7,5,5.5555556,0.7010000
132,1,18,7,6,5.5555556,0.7001000
133,1,18,8,1,5.5555556,0.7113000
134,1,18,8,2,5.5555556,0.7133000
135,1,18,8,3,5.5555556,0.7225000
136,1,18,8,4,5.5555556,0.7201000
137,1,18,8,5,5.5555556,0.7138000
138,1,18,8,6,5.5555556,0.7174000
139,1,18,8,7,5.5555556,0.7209000
140,1,19,2,1,5.2631579,0.5299000
141,1,19,3,1,5.2631579,0.5853000
142,1,19,3,2,5.2631579,0.5785000
143,1,19,4,1,5.2631579,0.6187000
144,1,19,4,2,5.2631579,0.6315000
145,1,19,4,3,5.2631579,0.6274000
146,1,19,5,1,5.2631579,0.6667000
147,1,19,5,2,5.2631579,0.6534000
148,1,19,5,3,5.2631579,0.6574000
149,1,19,5,4,5.2631579,0.6474000
150,1,19,6,1,5.2631579,0.6828000
151,1,19,6,2,5.2631579,0.6869000
152,1,19,6,3,5.2631579,0.6785000
153,1,19,6,4,5.2631579,0.6838000
154,1,19,6,5,5.2631579,0.6748000
155,1,19,7,1,5.2631579,0.7058000
156,1,19,7,2,5.2631579,0.7056000
157,1,19,7,3,5.2631579,0.7081000
158,1,19,7,4,5.2631579,0.6982000
159,1,19,7,5,5.2631579,0.7036000
160,1,19,7,6,5.2631579,0.7037000
161,1,19,8,1,5.2631579,0.7214000
162,1,19,8,2,5.2631579,0.7184000
163,1,19,8,3,5.2631579,0.7223000
164,1,19,8,4,5.2631579,0.7147000
165,1,19,8,5,5.2631579,0.7213000
166,1,19,8,6,5.2631579,0.7177000
167,1,19,8,7,5.2631579,0.7287000
168,2,6,2,1,33.3333333,0.7788000
169,2,7,2,1,28.5714286,0.7515000
170,2,8,2,1,25.0000000,0.7670000
171,2,8,3,1,25.0000000,0.7843000
172,2,8,3,2,25.0000000,0.7830000
173,2,9,2,1,22.2222222,0.7456000
174,2,9,3,1,22.2222222,0.7633000
175,2,9,3,2,22.2222222,0.7645000
176,2,10,2,1,20.0000000,0.7456000
177,2,10,3,1,20.0000000,0.7680000
178,2,10,3,2,20.0000000,0.7770000
179,2,10,4,1,20.0000000,0.7810000
180,2,10,4,2,20.0000000,0.7852000
181,2,10,4,3,20.0000000,0.7723000
182,2,11,2,1,18.1818182,0.7321000
183,2,11,3,1,18.1818182,0.7539000
184,2,11,3,2,18.1818182,0.7564000
185,2,11,4,1,18.1818182,0.7689000
186,2,11,4,2,18.1818182,0.7741000
187,2,11,4,3,18.1818182,0.7679000
188,2,12,2,1,16.6666667,0.7380000
189,2,12,3,1,16.6666667,0.7607000
190,2,12,3,2,16.6666667,0.7661000
191,2,12,4,1,16.6666667,0.7778000
192,2,12,4,2,16.6666667,0.7807000
193,2,12,4,3,16.6666667,0.7786000
194,2,12,5,1,16.6666667,0.7828000
195,2,12,5,2,16.6666667,0.7827000
196,2,12,5,3,16.6666667,0.7900000
197,2,12,5,4,16.6666667,0.7841000
198,2,13,2,1,15.3846154,0.7166000
199,2,13,3,1,15.3846154,0.7445000
200,2,13,3,2,15.3846154,0.7461000
201,2,13,4,1,15.3846154,0.7610000
202,2,13,4,2,15.3846154,0.7594000
203,2,13,4,3,15.3846154,0.7613000
204,2,13,5,1,15.3846154,0.7714000
205,2,13,5,2,15.3846154,0.7674000
206,2,13,5,3,15.3846154,0.7666000
207,2,13,5,4,15.3846154,0.7758000
208,2,14,2,1,14.2857143,0.7234000
209,2,14,3,1,14.2857143,0.7477000
210,2,14,3,2,14.2857143,0.7510000
211,2,14,4,1,14.2857143,0.7677000
212,2,14,4,2,14.2857143,0.7739000
213,2,14,4,3,14.2857143,0.7715000
214,2,14,5,1,14.2857143,0.7860000
215,2,14,5,2,14.2857143,0.7814000
216,2,14,5,3,14.2857143,0.7848000
217,2,14,5,4,14.2857143,0.7811000
218,2,14,6,1,14.2857143,0.7912000
219,2,14,6,2,14.2857143,0.7774000
220,2,14,6,3,14.2857143,0.7901000
221,2,14,6,4,14.2857143,0.7851000
222,2,14,6,5,14.2857143,0.7883000
223,2,15,2,1,13.3333333,0.6975000
224,2,15,3,1,13.3333333,0.7382000
225,2,15,3,2,13.3333333,0.7398000
226,2,15,4,1,13.3333333,0.7547000
227,2,15,4,2,13.3333333,0.7544000
228,2,15,4,3,13.3333333,0.7507000
229,2,15,5,1,13.3333333,0.7619000
230,2,15,5,2,13.3333333,0.7659000
231,2,15,5,3,13.3333333,0.7624000
232,2,15,5,4,13.3333333,0.7686000
233,2,15,6,1,13.3333333,0.7740000
234,2,15,6,2,13.3333333,0.7700000
235,2,15,6,3,13.3333333,0.7731000
236,2,15,6,4,13.3333333,0.7731000
237,2,15,6,5,13.3333333,0.7767000
238,2,16,2,1,12.5000000,0.7013000
239,2,16,3,1,12.5000000,0.7469000
240,2,16,3,2,12.5000000,0.7409000
241,2,16,4,1,12.5000000,0.7549000
242,2,16,4,2,12.5000000,0.7520000
243,2,16,4,3,12.5000000,0.7616000
244,2,16,5,1,12.5000000,0.7685000
245,2,16,5,2,12.5000000,0.7713000
246,2,16,5,3,12.5000000,0.7689000
247,2,16,5,4,12.5000000,0.7707000
248,2,16,6,1,12.5000000,0.7818000
249,2,16,6,2,12.5000000,0.7796000
250,2,16,6,3,12.5000000,0.7733000
251,2,16,6,4,12.5000000,0.7832000
252,2,16,6,5,12.5000000,0.7856000
253,2,16,7,1,12.5000000,0.7876000
254,2,16,7,2,12.5000000,0.7848000
255,2,16,7,3,12.5000000,0.7812000
256,2,16,7,4,12.5000000,0.7921000
257,2,16,7,5,12.5000000,0.7879000
258,2,16,7,6,12.5000000,0.7861000
259,2,17,2,1,11.7647059,0.6842000
260,2,17,3,1,11.7647059,0.7167000
261,2,17,3,2,11.7647059,0.7288000
262,2,17,4,1,11.7647059,0.7387000
263,2,17,4,2,11.7647059,0.7401000
264,2,17,4,3,11.7647059,0.7404000
265,2,17,5,1,11.7647059,0.7555000
266,2,17,5,2,11.7647059,0.7581000
267,2,17,5,3,11.7647059,0.7549000
268,2,17,5,4,11.7647059,0.7603000
269,2,17,6,1,11.7647059,0.7667000
270,2,17,6,2,11.7647059,0.7654000
271,2,17,6,3,11.7647059,0.7656000
272,2,17,6,4,11.7647059,0.7677000
273,2,17,6,5,11.7647059,0.7711000
274,2,17,7,1,11.7647059,0.7686000
275,2,17,7,2,11.7647059,0.7796000
276,2,17,7,3,11.7647059,0.7775000
277,2,17,7,4,11.7647059,0.7706000
278,2,17,7,5,11.7647059,0.7691000
279,2,17,7,6,11.7647059,0.7763000
280,2,18,2,1,11.1111111,0.6986000
281,2,18,3,1,11.1111111,0.7312000
282,2,18,3,2,11.1111111,0.7242000
283,2,18,4,1,11.1111111,0.7503000
284,2,18,4,2,11.1111111,0.7511000
285,2,18,4,3,11.1111111,0.7478000
286,2,18,5,1,11.1111111,0.7616000
287,2,18,5,2,11.1111111,0.7678000
288,2,18,5,3,11.1111111,0.7633000
289,2,18,5,4,11.1111111,0.7703000
290,2,18,6,1,11.1111111,0.7674000
291,2,18,6,2,11.1111111,0.7749000
292,2,18,6,3,11.1111111,0.7802000
293,2,18,6,4,11.1111111,0.7728000
294,2,18,6,5,11.1111111,0.7750000
295,2,18,7,1,11.1111111,0.7845000
296,2,18,7,2,11.1111111,0.7869000
297,2,18,7,3,11.1111111,0.7865000
298,2,18,7,4,11.1111111,0.7721000
299,2,18,7,5,11.1111111,0.7735000
300,2,18,7,6,11.1111111,0.7782000
301,2,18,8,1,11.1111111,0.7828000
302,2,18,8,2,11.1111111,0.7865000
303,2,18,8,3,11.1111111,0.7934000
304,2,18,8,4,11.1111111,0.7834000
305,2,18,8,5,11.1111111,0.7906000
306,2,18,8,6,11.1111111,0.7788000
307,2,18,8,7,11.1111111,0.7891000
308,2,19,2,1,10.5263158,0.6709000
309,2,19,3,1,10.5263158,0.7116000
310,2,19,3,2,10.5263158,0.7076000
311,2,19,4,1,10.5263158,0.7337000
312,2,19,4,2,10.5263158,0.7314000
313,2,19,4,3,10.5263158,0.7358000
314,2,19,5,1,10.5263158,0.7486000
315,2,19,5,2,10.5263158,0.7568000
316,2,19,5,3,10.5263158,0.7564000
317,2,19,5,4,10.5263158,0.7505000
318,2,19,6,1,10.5263158,0.7626000
319,2,19,6,2,10.5263158,0.7603000
320,2,19,6,3,10.5263158,0.7609000
321,2,19,6,4,10.5263158,0.7683000
322,2,19,6,5,10.5263158,0.7543000
323,2,19,7,1,10.5263158,0.7631000
324,2,19,7,2,10.5263158,0.7689000
325,2,19,7,3,10.5263158,0.7682000
326,2,19,7,4,10.5263158,0.7696000
327,2,19,7,5,10.5263158,0.7612000
328,2,19,7,6,10.5263158,0.7683000
329,2,19,8,1,10.5263158,0.7797000
330,2,19,8,2,10.5263158,0.7758000
331,2,19,8,3,10.5263158,0.7783000
332,2,19,8,4,10.5263158,0.7709000
333,2,19,8,5,10.5263158,0.7758000
334,2,19,8,6,10.5263158,0.7801000
335,2,19,8,7,10.5263158,0.7855000
336,3,6,2,1,50.0000000,0.8269000
337,3,7,2,1,42.8571429,0.8381000
338,3,8,2,1,37.5000000,0.8186000
339,3,8,3,1,37.5000000,0.8284000
340,3,8,3,2,37.5000000,0.8214000
341,3,9,2,1,33.3333333,0.8203000
342,3,9,3,1,33.3333333,0.8306000
343,3,9,3,2,33.3333333,0.8291000
344,3,10,2,1,30.0000000,0.8050000
345,3,10,3,1,30.0000000,0.8198000
346,3,10,3,2,30.0000000,0.8158000
347,3,10,4,1,30.0000000,0.8140000
348,3,10,4,2,30.0000000,0.8152000
349,3,10,4,3,30.0000000,0.8218000
350,3,11,2,1,27.2727273,0.8091000
351,3,11,3,1,27.2727273,0.8226000
352,3,11,3,2,27.2727273,0.8187000
353,3,11,4,1,27.2727273,0.8137000
354,3,11,4,2,27.2727273,0.8299000
355,3,11,4,3,27.2727273,0.8202000
356,3,12,2,1,25.0000000,0.7913000
357,3,12,3,1,25.0000000,0.8026000
358,3,12,3,2,25.0000000,0.8076000
359,3,12,4,1,25.0000000,0.8140000
360,3,12,4,2,25.0000000,0.8192000
361,3,12,4,3,25.0000000,0.8164000
362,3,12,5,1,25.0000000,0.8170000
363,3,12,5,2,25.0000000,0.8182000
364,3,12,5,3,25.0000000,0.8167000
365,3,12,5,4,25.0000000,0.8165000
366,3,13,2,1,23.0769231,0.7938000
367,3,13,3,1,23.0769231,0.8140000
368,3,13,3,2,23.0769231,0.8096000
369,3,13,4,1,23.0769231,0.8220000
370,3,13,4,2,23.0769231,0.8162000
371,3,13,4,3,23.0769231,0.8209000
372,3,13,5,1,23.0769231,0.8222000
373,3,13,5,2,23.0769231,0.8249000
374,3,13,5,3,23.0769231,0.8201000
375,3,13,5,4,23.0769231,0.8249000
376,3,14,2,1,21.4285714,0.7744000
377,3,14,3,1,21.4285714,0.8000000
378,3,14,3,2,21.4285714,0.7931000
379,3,14,4,1,21.4285714,0.7999000
380,3,14,4,2,21.4285714,0.8006000
381,3,14,4,3,21.4285714,0.8127000
382,3,14,5,1,21.4285714,0.8101000
383,3,14,5,2,21.4285714,0.8047000
384,3,14,5,3,21.4285714,0.8137000
385,3,14,5,4,21.4285714,0.8183000
386,3,14,6,1,21.4285714,0.8064000
387,3,14,6,2,21.4285714,0.8118000
388,3,14,6,3,21.4285714,0.8196000
389,3,14,6,4,21.4285714,0.8206000
390,3,14,6,5,21.4285714,0.8214000
391,3,15,2,1,20.0000000,0.7905000
392,3,15,3,1,20.0000000,0.8049000
393,3,15,3,2,20.0000000,0.8054000
394,3,15,4,1,20.0000000,0.8168000
395,3,15,4,2,20.0000000,0.8137000
396,3,15,4,3,20.0000000,0.8125000
397,3,15,5,1,20.0000000,0.8174000
398,3,15,5,2,20.0000000,0.8185000
399,3,15,5,3,20.0000000,0.8173000
400,3,15,5,4,20.0000000,0.8143000
401,3,15,6,1,20.0000000,0.8196000
402,3,15,6,2,20.0000000,0.8199000
403,3,15,6,3,20.0000000,0.8193000
404,3,15,6,4,20.0000000,0.8217000
405,3,15,6,5,20.0000000,0.8223000
406,3,16,2,1,18.7500000,0.7729000
407,3,16,3,1,18.7500000,0.7930000
408,3,16,3,2,18.7500000,0.7881000
409,3,16,4,1,18.7500000,0.7994000
410,3,16,4,2,18.7500000,0.7948000
411,3,16,4,3,18.7500000,0.8012000
412,3,16,5,1,18.7500000,0.8039000
413,3,16,5,2,18.7500000,0.8088000
414,3,16,5,3,18.7500000,0.8049000
415,3,16,5,4,18.7500000,0.8124000
416,3,16,6,1,18.7500000,0.8071000
417,3,16,6,2,18.7500000,0.8080000
418,3,16,6,3,18.7500000,0.8099000
419,3,16,6,4,18.7500000,0.8112000
420,3,16,6,5,18.7500000,0.8138000
421,3,16,7,1,18.7500000,0.8158000
422,3,16,7,2,18.7500000,0.8136000
423,3,16,7,3,18.7500000,0.8191000
424,3,16,7,4,18.7500000,0.8138000
425,3,16,7,5,18.7500000,0.8170000
426,3,16,7,6,18.7500000,0.8174000
427,3,17,2,1,17.6470588,0.7784000
428,3,17,3,1,17.6470588,0.7975000
429,3,17,3,2,17.6470588,0.7952000
430,3,17,4,1,17.6470588,0.8043000
431,3,17,4,2,17.6470588,0.8022000
432,3,17,4,3,17.6470588,0.8035000
433,3,17,5,1,17.6470588,0.8110000
434,3,17,5,2,17.6470588,0.8184000
435,3,17,5,3,17.6470588,0.8107000
436,3,17,5,4,17.6470588,0.8174000
437,3,17,6,1,17.6470588,0.8195000
438,3,17,6,2,17.6470588,0.8139000
439,3,17,6,3,17.6470588,0.8218000
440,3,17,6,4,17.6470588,0.8129000
441,3,17,6,5,17.6470588,0.8137000
442,3,17,7,1,17.6470588,0.8165000
443,3,17,7,2,17.6470588,0.8239000
444,3,17,7,3,17.6470588,0.8158000
445,3,17,7,4,17.6470588,0.8136000
446,3,17,7,5,17.6470588,0.8224000
447,3,17,7,6,17.6470588,0.8158000
448,3,18,2,1,16.6666667,0.7672000
449,3,18,3,1,16.6666667,0.7858000
450,3,18,3,2,16.6666667,0.7895000
451,3,18,4,1,16.6666667,0.7972000
452,3,18,4,2,16.6666667,0.7885000
453,3,18,4,3,16.6666667,0.7932000
454,3,18,5,1,16.6666667,0.7996000
455,3,18,5,2,16.6666667,0.7976000
456,3,18,5,3,16.6666667,0.7995000
457,3,18,5,4,16.6666667,0.8081000
458,3,18,6,1,16.6666667,0.8122000
459,3,18,6,2,16.6666667,0.8004000
460,3,18,6,3,16.6666667,0.8047000
461,3,18,6,4,16.6666667,0.8053000
462,3,18,6,5,16.6666667,0.8070000
463,3,18,7,1,16.6666667,0.8066000
464,3,18,7,2,16.6666667,0.8122000
465,3,18,7,3,16.6666667,0.8088000
466,3,18,7,4,16.6666667,0.8112000
467,3,18,7,5,16.6666667,0.8095000
468,3,18,7,6,16.6666667,0.8105000
469,3,18,8,1,16.6666667,0.8008000
470,3,18,8,2,16.6666667,0.8122000
471,3,18,8,3,16.6666667,0.8161000
472,3,18,8,4,16.6666667,0.8106000
473,3,18,8,5,16.6666667,0.8106000
474,3,18,8,6,16.6666667,0.8138000
475,3,18,8,7,16.6666667,0.8132000
476,3,19,2,1,15.7894737,0.7625000
477,3,19,3,1,15.7894737,0.7856000
478,3,19,3,2,15.7894737,0.7876000
479,3,19,4,1,15.7894737,0.7998000
480,3,19,4,2,15.7894737,0.7951000
481,3,19,4,3,15.7894737,0.7999000
482,3,19,5,1,15.7894737,0.8062000
483,3,19,5,2,15.7894737,0.8050000
484,3,19,5,3,15.7894737,0.8040000
485,3,19,5,4,15.7894737,0.8029000
486,3,19,6,1,15.7894737,0.8189000
487,3,19,6,2,15.7894737,0.8112000
488,3,19,6,3,15.7894737,0.8080000
489,3,19,6,4,15.7894737,0.8052000
490,3,19,6,5,15.7894737,0.8033000
491,3,19,7,1,15.7894737,0.8147000
492,3,19,7,2,15.7894737,0.8169000
493,3,19,7,3,15.7894737,0.8195000
494,3,19,7,4,15.7894737,0.8167000
495,3,19,7,5,15.7894737,0.8139000
496,3,19,7,6,15.7894737,0.8195000
497,3,19,8,1,15.7894737,0.8174000
498,3,19,8,2,15.7894737,0.8186000
499,3,19,8,3,15.7894737,0.8282000
500,3,19,8,4,15.7894737,0.8226000
501,3,19,8,5,15.7894737,0.8163000
502,3,19,8,6,15.7894737,0.8137000
503,3,19,8,7,15.7894737,0.8151000
504,4,6,2,1,66.6666667,0.9067000
505,4,7,2,1,57.1428571,0.8775000
506,4,8,2,1,50.0000000,0.8791000
507,4,8,3,1,50.0000000,0.8790000
508,4,8,3,2,50.0000000,0.8751000
509,4,9,2,1,44.4444444,0.8595000
510,4,9,3,1,44.4444444,0.8637000
511,4,9,3,2,44.4444444,0.8635000
512,4,10,2,1,40.0000000,0.8641000
513,4,10,3,1,40.0000000,0.8645000
514,4,10,3,2,40.0000000,0.8676000
515,4,10,4,1,40.0000000,0.8663000
516,4,10,4,2,40.0000000,0.8646000
517,4,10,4,3,40.0000000,0.8674000
518,4,11,2,1,36.3636364,0.8511000
519,4,11,3,1,36.3636364,0.8514000
520,4,11,3,2,36.3636364,0.8478000
521,4,11,4,1,36.3636364,0.8556000
522,4,11,4,2,36.3636364,0.8539000
523,4,11,4,3,36.3636364,0.8537000
524,4,12,2,1,33.3333333,0.8552000
525,4,12,3,1,33.3333333,0.8626000
526,4,12,3,2,33.3333333,0.8630000
527,4,12,4,1,33.3333333,0.8576000
528,4,12,4,2,33.3333333,0.8619000
529,4,12,4,3,33.3333333,0.8610000
530,4,12,5,1,33.3333333,0.8628000
531,4,12,5,2,33.3333333,0.8617000
532,4,12,5,3,33.3333333,0.8643000
533,4,12,5,4,33.3333333,0.8620000
534,4,13,2,1,30.7692308,0.8341000
535,4,13,3,1,30.7692308,0.8477000
536,4,13,3,2,30.7692308,0.8454000
537,4,13,4,1,30.7692308,0.8490000
538,4,13,4,2,30.7692308,0.8527000
539,4,13,4,3,30.7692308,0.8518000
540,4,13,5,1,30.7692308,0.8545000
541,4,13,5,2,30.7692308,0.8484000
542,4,13,5,3,30.7692308,0.8495000
543,4,13,5,4,30.7692308,0.8483000
544,4,14,2,1,28.5714286,0.8405000
545,4,14,3,1,28.5714286,0.8472000
546,4,14,3,2,28.5714286,0.8440000
547,4,14,4,1,28.5714286,0.8580000
548,4,14,4,2,28.5714286,0.8427000
549,4,14,4,3,28.5714286,0.8532000
550,4,14,5,1,28.5714286,0.8536000
551,4,14,5,2,28.5714286,0.8529000
552,4,14,5,3,28.5714286,0.8575000
553,4,14,5,4,28.5714286,0.8530000
554,4,14,6,1,28.5714286,0.8513000
555,4,14,6,2,28.5714286,0.8543000
556,4,14,6,3,28.5714286,0.8610000
557,4,14,6,4,28.5714286,0.8557000
558,4,14,6,5,28.5714286,0.8559000
559,4,15,2,1,26.6666667,0.8309000
560,4,15,3,1,26.6666667,0.8262000
561,4,15,3,2,26.6666667,0.8352000
562,4,15,4,1,26.6666667,0.8334000
563,4,15,4,2,26.6666667,0.8379000
564,4,15,4,3,26.6666667,0.8394000
565,4,15,5,1,26.6666667,0.8439000
566,4,15,5,2,26.6666667,0.8508000
567,4,15,5,3,26.6666667,0.8361000
568,4,15,5,4,26.6666667,0.8455000
569,4,15,6,1,26.6666667,0.8425000
570,4,15,6,2,26.6666667,0.8443000
571,4,15,6,3,26.6666667,0.8427000
572,4,15,6,4,26.6666667,0.8433000
573,4,15,6,5,26.6666667,0.8456000
574,4,16,2,1,25.0000000,0.8314000
575,4,16,3,1,25.0000000,0.8399000
576,4,16,3,2,25.0000000,0.8436000
577,4,16,4,1,25.0000000,0.8433000
578,4,16,4,2,25.0000000,0.8405000
579,4,16,4,3,25.0000000,0.8481000
580,4,16,5,1,25.0000000,0.8477000
581,4,16,5,2,25.0000000,0.8429000
582,4,16,5,3,25.0000000,0.8417000
583,4,16,5,4,25.0000000,0.8408000
584,4,16,6,1,25.0000000,0.8500000
585,4,16,6,2,25.0000000,0.8466000
586,4,16,6,3,25.0000000,0.8387000
587,4,16,6,4,25.0000000,0.8495000
588,4,16,6,5,25.0000000,0.8492000
589,4,16,7,1,25.0000000,0.8507000
590,4,16,7,2,25.0000000,0.8558000
591,4,16,7,3,25.0000000,0.8531000
592,4,16,7,4,25.0000000,0.8526000
593,4,16,7,5,25.0000000,0.8569000
594,4,16,7,6,25.0000000,0.8530000
595,4,17,2,1,23.5294118,0.8124000
596,4,17,3,1,23.5294118,0.8288000
597,4,17,3,2,23.5294118,0.8247000
598,4,17,4,1,23.5294118,0.8303000
599,4,17,4,2,23.5294118,0.8384000
600,4,17,4,3,23.5294118,0.8294000
601,4,17,5,1,23.5294118,0.8396000
602,4,17,5,2,23.5294118,0.8361000
603,4,17,5,3,23.5294118,0.8382000
604,4,17,5,4,23.5294118,0.8441000
605,4,17,6,1,23.5294118,0.8433000
606,4,17,6,2,23.5294118,0.8420000
607,4,17,6,3,23.5294118,0.8390000
608,4,17,6,4,23.5294118,0.8421000
609,4,17,6,5,23.5294118,0.8428000
610,4,17,7,1,23.5294118,0.8469000
611,4,17,7,2,23.5294118,0.8390000
612,4,17,7,3,23.5294118,0.8419000
613,4,17,7,4,23.5294118,0.8401000
614,4,17,7,5,23.5294118,0.8395000
615,4,17,7,6,23.5294118,0.8483000
616,4,18,2,1,22.2222222,0.8233000
617,4,18,3,1,22.2222222,0.8303000
618,4,18,3,2,22.2222222,0.8261000
619,4,18,4,1,22.2222222,0.8346000
620,4,18,4,2,22.2222222,0.8330000
621,4,18,4,3,22.2222222,0.8361000
622,4,18,5,1,22.2222222,0.8382000
623,4,18,5,2,22.2222222,0.8468000
624,4,18,5,3,22.2222222,0.8438000
625,4,18,5,4,22.2222222,0.8374000
626,4,18,6,1,22.2222222,0.8425000
627,4,18,6,2,22.2222222,0.8417000
628,4,18,6,3,22.2222222,0.8480000
629,4,18,6,4,22.2222222,0.8448000
630,4,18,6,5,22.2222222,0.8462000
631,4,18,7,1,22.2222222,0.8482000
632,4,18,7,2,22.2222222,0.8425000
633,4,18,7,3,22.2222222,0.8430000
634,4,18,7,4,22.2222222,0.8510000
635,4,18,7,5,22.2222222,0.8435000
636,4,18,7,6,22.2222222,0.8447000
637,4,18,8,1,22.2222222,0.8469000
638,4,18,8,2,22.2222222,0.8437000
639,4,18,8,3,22.2222222,0.8476000
640,4,18,8,4,22.2222222,0.8461000
641,4,18,8,5,22.2222222,0.8486000
642,4,18,8,6,22.2222222,0.8477000
643,4,18,8,7,22.2222222,0.8472000
644,4,19,2,1,21.0526316,0.8109000
645,4,19,3,1,21.0526316,0.8119000
646,4,19,3,2,21.0526316,0.8199000
647,4,19,4,1,21.0526316,0.8291000
648,4,19,4,2,21.0526316,0.8211000
649,4,19,4,3,21.0526316,0.8300000
650,4,19,5,1,21.0526316,0.8339000
651,4,19,5,2,21.0526316,0.8383000
652,4,19,5,3,21.0526316,0.8362000
653,4,19,5,4,21.0526316,0.8303000
654,4,19,6,1,21.0526316,0.8348000
655,4,19,6,2,21.0526316,0.8413000
656,4,19,6,3,21.0526316,0.8335000
657,4,19,6,4,21.0526316,0.8333000
658,4,19,6,5,21.0526316,0.8326000
659,4,19,7,1,21.0526316,0.8353000
660,4,19,7,2,21.0526316,0.8442000
661,4,19,7,3,21.0526316,0.8318000
662,4,19,7,4,21.0526316,0.8376000
663,4,19,7,5,21.0526316,0.8371000
664,4,19,7,6,21.0526316,0.8350000
665,4,19,8,1,21.0526316,0.8301000
666,4,19,8,2,21.0526316,0.8427000
667,4,19,8,3,21.0526316,0.8350000
668,4,19,8,4,21.0526316,0.8428000
669,4,19,8,5,21.0526316,0.8391000
670,4,19,8,6,21.0526316,0.8332000
671,4,19,8,7,21.0526316,0.8387000
672,5,6,2,1,83.3333333,0.9424000
673,5,7,2,1,71.4285714,0.9333000
674,5,8,2,1,62.5000000,0.9146000
675,5,8,3,1,62.5000000,0.9073000
676,5,8,3,2,62.5000000,0.9105000
677,5,9,2,1,55.5555556,0.9086000
678,5,9,3,1,55.5555556,0.9130000
679,5,9,3,2,55.5555556,0.9109000
680,5,10,2,1,50.0000000,0.8917000
681,5,10,3,1,50.0000000,0.8949000
682,5,10,3,2,50.0000000,0.9002000
683,5,10,4,1,50.0000000,0.8910000
684,5,10,4,2,50.0000000,0.8999000
685,5,10,4,3,50.0000000,0.8964000
686,5,11,2,1,45.4545455,0.8957000
687,5,11,3,1,45.4545455,0.9011000
688,5,11,3,2,45.4545455,0.8959000
689,5,11,4,1,45.4545455,0.9037000
690,5,11,4,2,45.4545455,0.8883000
691,5,11,4,3,45.4545455,0.8938000
692,5,12,2,1,41.6666667,0.8872000
693,5,12,3,1,41.6666667,0.8870000
694,5,12,3,2,41.6666667,0.8764000
695,5,12,4,1,41.6666667,0.8854000
696,5,12,4,2,41.6666667,0.8846000
697,5,12,4,3,41.6666667,0.8889000
698,5,12,5,1,41.6666667,0.8844000
699,5,12,5,2,41.6666667,0.8852000
700,5,12,5,3,41.6666667,0.8889000
701,5,12,5,4,41.6666667,0.8869000
702,5,13,2,1,38.4615385,0.8769000
703,5,13,3,1,38.4615385,0.8878000
704,5,13,3,2,38.4615385,0.8834000
705,5,13,4,1,38.4615385,0.8829000
706,5,13,4,2,38.4615385,0.8846000
707,5,13,4,3,38.4615385,0.8841000
708,5,13,5,1,38.4615385,0.8856000
709,5,13,5,2,38.4615385,0.8826000
710,5,13,5,3,38.4615385,0.8872000
711,5,13,5,4,38.4615385,0.8873000
712,5,14,2,1,35.7142857,0.8685000
713,5,14,3,1,35.7142857,0.8689000
714,5,14,3,2,35.7142857,0.8651000
715,5,14,4,1,35.7142857,0.8718000
716,5,14,4,2,35.7142857,0.8748000
717,5,14,4,3,35.7142857,0.8815000
718,5,14,5,1,35.7142857,0.8772000
719,5,14,5,2,35.7142857,0.8739000
720,5,14,5,3,35.7142857,0.8801000
721,5,14,5,4,35.7142857,0.8754000
722,5,14,6,1,35.7142857,0.8779000
723,5,14,6,2,35.7142857,0.8809000
724,5,14,6,3,35.7142857,0.8818000
725,5,14,6,4,35.7142857,0.8803000
726,5,14,6,5,35.7142857,0.8745000
727,5,15,2,1,33.3333333,0.8688000
728,5,15,3,1,33.3333333,0.8719000
729,5,15,3,2,33.3333333,0.8743000
730,5,15,4,1,33.3333333,0.8728000
731,5,15,4,2,33.3333333,0.8816000
732,5,15,4,3,33.3333333,0.8748000
733,5,15,5,1,33.3333333,0.8785000
734,5,15,5,2,33.3333333,0.8771000
735,5,15,5,3,33.3333333,0.8761000
736,5,15,5,4,33.3333333,0.8814000
737,5,15,6,1,33.3333333,0.8792000
738,5,15,6,2,33.3333333,0.8843000
739,5,15,6,3,33.3333333,0.8769000
740,5,15,6,4,33.3333333,0.8751000
741,5,15,6,5,33.3333333,0.8790000
742,5,16,2,1,31.2500000,0.8610000
743,5,16,3,1,31.2500000,0.8628000
744,5,16,3,2,31.2500000,0.8711000
745,5,16,4,1,31.2500000,0.8704000
746,5,16,4,2,31.2500000,0.8629000
747,5,16,4,3,31.2500000,0.8674000
748,5,16,5,1,31.2500000,0.8728000
749,5,16,5,2,31.2500000,0.8706000
750,5,16,5,3,31.2500000,0.8692000
751,5,16,5,4,31.2500000,0.8654000
752,5,16,6,1,31.2500000,0.8693000
753,5,16,6,2,31.2500000,0.8727000
754,5,16,6,3,31.2500000,0.8736000
755,5,16,6,4,31.2500000,0.8738000
756,5,16,6,5,31.2500000,0.8721000
757,5,16,7,1,31.2500000,0.8743000
758,5,16,7,2,31.2500000,0.8679000
759,5,16,7,3,31.2500000,0.8748000
760,5,16,7,4,31.2500000,0.8767000
761,5,16,7,5,31.2500000,0.8710000
762,5,16,7,6,31.2500000,0.8666000
763,5,17,2,1,29.4117647,0.8612000
764,5,17,3,1,29.4117647,0.8689000
765,5,17,3,2,29.4117647,0.8686000
766,5,17,4,1,29.4117647,0.8716000
767,5,17,4,2,29.4117647,0.8693000
768,5,17,4,3,29.4117647,0.8643000
769,5,17,5,1,29.4117647,0.8710000
770,5,17,5,2,29.4117647,0.8680000
771,5,17,5,3,29.4117647,0.8734000
772,5,17,5,4,29.4117647,0.8739000
773,5,17,6,1,29.4117647,0.8728000
774,5,17,6,2,29.4117647,0.8692000
775,5,17,6,3,29.4117647,0.8767000
776,5,17,6,4,29.4117647,0.8692000
777,5,17,6,5,29.4117647,0.8709000
778,5,17,7,1,29.4117647,0.8734000
779,5,17,7,2,29.4117647,0.8750000
780,5,17,7,3,29.4117647,0.8745000
781,5,17,7,4,29.4117647,0.8716000
782,5,17,7,5,29.4117647,0.8719000
783,5,17,7,6,29.4117647,0.8759000
784,5,18,2,1,27.7777778,0.8513000
785,5,18,3,1,27.7777778,0.8531000
786,5,18,3,2,27.7777778,0.8545000
787,5,18,4,1,27.7777778,0.8589000
788,5,18,4,2,27.7777778,0.8594000
789,5,18,4,3,27.7777778,0.8597000
790,5,18,5,1,27.7777778,0.8590000
791,5,18,5,2,27.7777778,0.8575000
792,5,18,5,3,27.7777778,0.8598000
793,5,18,5,4,27.7777778,0.8628000
794,5,18,6,1,27.7777778,0.8646000
795,5,18,6,2,27.7777778,0.8662000
796,5,18,6,3,27.7777778,0.8657000
797,5,18,6,4,27.7777778,0.8649000
798,5,18,6,5,27.7777778,0.8630000
799,5,18,7,1,27.7777778,0.8657000
800,5,18,7,2,27.7777778,0.8628000
801,5,18,7,3,27.7777778,0.8676000
802,5,18,7,4,27.7777778,0.8640000
803,5,18,7,5,27.7777778,0.8704000
804,5,18,7,6,27.7777778,0.8677000
805,5,18,8,1,27.7777778,0.8712000
806,5,18,8,2,27.7777778,0.8761000
807,5,18,8,3,27.7777778,0.8673000
808,5,18,8,4,27.7777778,0.8661000
809,5,18,8,5,27.7777778,0.8661000
810,5,18,8,6,27.7777778,0.8736000
811,5,18,8,7,27.7777778,0.8668000
812,5,19,2,1,26.3157895,0.8545000
813,5,19,3,1,26.3157895,0.8573000
814,5,19,3,2,26.3157895,0.8554000
815,5,19,4,1,26.3157895,0.8585000
816,5,19,4,2,26.3157895,0.8613000
817,5,19,4,3,26.3157895,0.8646000
818,5,19,5,1,26.3157895,0.8668000
819,5,19,5,2,26.3157895,0.8690000
820,5,19,5,3,26.3157895,0.8623000
821,5,19,5,4,26.3157895,0.8694000
822,5,19,6,1,26.3157895,0.8631000
823,5,19,6,2,26.3157895,0.8660000
824,5,19,6,3,26.3157895,0.8715000
825,5,19,6,4,26.3157895,0.8659000
826,5,19,6,5,26.3157895,0.8608000
827,5,19,7,1,26.3157895,0.8655000
828,5,19,7,2,26.3157895,0.8696000
829,5,19,7,3,26.3157895,0.8732000
830,5,19,7,4,26.3157895,0.8631000
831,5,19,7,5,26.3157895,0.8685000
832,5,19,7,6,26.3157895,0.8680000
833,5,19,8,1,26.3157895,0.8691000
834,5,19,8,2,26.3157895,0.8703000
835,5,19,8,3,26.3157895,0.8709000
836,5,19,8,4,26.3157895,0.8758000
837,5,19,8,5,26.3157895,0.8704000
838,5,19,8,6,26.3157895,0.8731000
839,5,19,8,7,26.3157895,0.8691000
840,6,7,2,1,85.7142857,0.9633000
841,6,8,2,1,75.0000000,0.9558000
842,6,8,3,1,75.0000000,0.9504000
843,6,8,3,2,75.0000000,0.9498000
844,6,9,2,1,66.6666667,0.9380000
845,6,9,3,1,66.6666667,0.9347000
846,6,9,3,2,66.6666667,0.9314000
847,6,10,2,1,60.0000000,0.9363000
848,6,10,3,1,60.0000000,0.9322000
849,6,10,3,2,60.0000000,0.9331000
850,6,10,4,1,60.0000000,0.9329000
851,6,10,4,2,60.0000000,0.9300000
852,6,10,4,3,60.0000000,0.9339000
853,6,11,2,1,54.5454545,0.9182000
854,6,11,3,1,54.5454545,0.9205000
855,6,11,3,2,54.5454545,0.9171000
856,6,11,4,1,54.5454545,0.9177000
857,6,11,4,2,54.5454545,0.9248000
858,6,11,4,3,54.5454545,0.9187000
859,6,12,2,1,50.0000000,0.9214000
860,6,12,3,1,50.0000000,0.9135000
861,6,12,3,2,50.0000000,0.9188000
862,6,12,4,1,50.0000000,0.9166000
863,6,12,4,2,50.0000000,0.9183000
864,6,12,4,3,50.0000000,0.9147000
865,6,12,5,1,50.0000000,0.9192000
866,6,12,5,2,50.0000000,0.9185000
867,6,12,5,3,50.0000000,0.9220000
868,6,12,5,4,50.0000000,0.9199000
869,6,13,2,1,46.1538462,0.9041000
870,6,13,3,1,46.1538462,0.9097000
871,6,13,3,2,46.1538462,0.9048000
872,6,13,4,1,46.1538462,0.9083000
873,6,13,4,2,46.1538462,0.9042000
874,6,13,4,3,46.1538462,0.9092000
875,6,13,5,1,46.1538462,0.9062000
876,6,13,5,2,46.1538462,0.9105000
877,6,13,5,3,46.1538462,0.9115000
878,6,13,5,4,46.1538462,0.9093000
879,6,14,2,1,42.8571429,0.9055000
880,6,14,3,1,42.8571429,0.9053000
881,6,14,3,2,42.8571429,0.9129000
882,6,14,4,1,42.8571429,0.9104000
883,6,14,4,2,42.8571429,0.9099000
884,6,14,4,3,42.8571429,0.9044000
885,6,14,5,1,42.8571429,0.9106000
886,6,14,5,2,42.8571429,0.9058000
887,6,14,5,3,42.8571429,0.9058000
888,6,14,5,4,42.8571429,0.9106000
889,6,14,6,1,42.8571429,0.9096000
890,6,14,6,2,42.8571429,0.9110000
891,6,14,6,3,42.8571429,0.9120000
892,6,14,6,4,42.8571429,0.9081000
893,6,14,6,5,42.8571429,0.9125000
894,6,15,2,1,40.0000000,0.8954000
895,6,15,3,1,40.0000000,0.8993000
896,6,15,3,2,40.0000000,0.9005000
897,6,15,4,1,40.0000000,0.8961000
898,6,15,4,2,40.0000000,0.8977000
899,6,15,4,3,40.0000000,0.8981000
900,6,15,5,1,40.0000000,0.8974000
901,6,15,5,2,40.0000000,0.9044000
902,6,15,5,3,40.0000000,0.8986000
903,6,15,5,4,40.0000000,0.8994000
904,6,15,6,1,40.0000000,0.8997000
905,6,15,6,2,40.0000000,0.8992000
906,6,15,6,3,40.0000000,0.8995000
907,6,15,6,4,40.0000000,0.9014000
908,6,15,6,5,40.0000000,0.8980000
909,6,16,2,1,37.5000000,0.8969000
910,6,16,3,1,37.5000000,0.8976000
911,6,16,3,2,37.5000000,0.8998000
912,6,16,4,1,37.5000000,0.8957000
913,6,16,4,2,37.5000000,0.8923000
914,6,16,4,3,37.5000000,0.9010000
915,6,16,5,1,37.5000000,0.8988000
916,6,16,5,2,37.5000000,0.9024000
917,6,16,5,3,37.5000000,0.8998000
918,6,16,5,4,37.5000000,0.9034000
919,6,16,6,1,37.5000000,0.8984000
920,6,16,6,2,37.5000000,0.9028000
921,6,16,6,3,37.5000000,0.9021000
922,6,16,6,4,37.5000000,0.9023000
923,6,16,6,5,37.5000000,0.8973000
924,6,16,7,1,37.5000000,0.8991000
925,6,16,7,2,37.5000000,0.9080000
926,6,16,7,3,37.5000000,0.9024000
927,6,16,7,4,37.5000000,0.9041000
928,6,16,7,5,37.5000000,0.9020000
929,6,16,7,6,37.5000000,0.9036000
930,6,17,2,1,35.2941176,0.8854000
931,6,17,3,1,35.2941176,0.8890000
932,6,17,3,2,35.2941176,0.8898000
933,6,17,4,1,35.2941176,0.8909000
934,6,17,4,2,35.2941176,0.8946000
935,6,17,4,3,35.2941176,0.8932000
936,6,17,5,1,35.2941176,0.8903000
937,6,17,5,2,35.2941176,0.8911000
938,6,17,5,3,35.2941176,0.8898000
939,6,17,5,4,35.2941176,0.8945000
940,6,17,6,1,35.2941176,0.8893000
941,6,17,6,2,35.2941176,0.8945000
942,6,17,6,3,35.2941176,0.8948000
943,6,17,6,4,35.2941176,0.8899000
944,6,17,6,5,35.2941176,0.8916000
945,6,17,7,1,35.2941176,0.8875000
946,6,17,7,2,35.2941176,0.8912000
947,6,17,7,3,35.2941176,0.8926000
948,6,17,7,4,35.2941176,0.8985000
949,6,17,7,5,35.2941176,0.8931000
950,6,17,7,6,35.2941176,0.8986000
951,6,18,2,1,33.3333333,0.8836000
952,6,18,3,1,33.3333333,0.8899000
953,6,18,3,2,33.3333333,0.8860000
954,6,18,4,1,33.3333333,0.8884000
955,6,18,4,2,33.3333333,0.8897000
956,6,18,4,3,33.3333333,0.8880000
957,6,18,5,1,33.3333333,0.8869000
958,6,18,5,2,33.3333333,0.8885000
959,6,18,5,3,33.3333333,0.8926000
960,6,18,5,4,33.3333333,0.8943000
961,6,18,6,1,33.3333333,0.8909000
962,6,18,6,2,33.3333333,0.8923000
963,6,18,6,3,33.3333333,0.8891000
964,6,18,6,4,33.3333333,0.8935000
965,6,18,6,5,33.3333333,0.8953000
966,6,18,7,1,33.3333333,0.8982000
967,6,18,7,2,33.3333333,0.8955000
968,6,18,7,3,33.3333333,0.8974000
969,6,18,7,4,33.3333333,0.8958000
970,6,18,7,5,33.3333333,0.8992000
971,6,18,7,6,33.3333333,0.8971000
972,6,18,8,1,33.3333333,0.9006000
973,6,18,8,2,33.3333333,0.8934000
974,6,18,8,3,33.3333333,0.8976000
975,6,18,8,4,33.3333333,0.8965000
976,6,18,8,5,33.3333333,0.8926000
977,6,18,8,6,33.3333333,0.8945000
978,6,18,8,7,33.3333333,0.8921000
979,6,19,2,1,31.5789474,0.8719000
980,6,19,3,1,31.5789474,0.8812000
981,6,19,3,2,31.5789474,0.8819000
982,6,19,4,1,31.5789474,0.8760000
983,6,19,4,2,31.5789474,0.8843000
984,6,19,4,3,31.5789474,0.8816000
985,6,19,5,1,31.5789474,0.8868000
986,6,19,5,2,31.5789474,0.8816000
987,6,19,5,3,31.5789474,0.8817000
988,6,19,5,4,31.5789474,0.8796000
989,6,19,6,1,31.5789474,0.8869000
990,6,19,6,2,31.5789474,0.8828000
991,6,19,6,3,31.5789474,0.8853000
992,6,19,6,4,31.5789474,0.8916000
993,6,19,6,5,31.5789474,0.8895000
994,6,19,7,1,31.5789474,0.8810000
995,6,19,7,2,31.5789474,0.8885000
996,6,19,7,3,31.5789474,0.8802000
997,6,19,7,4,31.5789474,0.8840000
998,6,19,7,5,31.5789474,0.8811000
999,6,19,7,6,31.5789474,0.8771000
1000,6,19,8,1,31.5789474,0.8846000
1001,6,19,8,2,31.5789474,0.8878000
1002,6,19,8,3,31.5789474,0.8858000
1003,6,19,8,4,31.5789474,0.8843000
1004,6,19,8,5,31.5789474,0.8938000
1005,6,19,8,6,31.5789474,0.8862000
1006,6,19,8,7,31.5789474,0.8845000
1007,7,8,2,1,87.5000000,0.9725000
1008,7,8,3,1,87.5000000,0.9687000
1009,7,8,3,2,87.5000000,0.9702000
1010,7,9,2,1,77.7777778,0.9708000
1011,7,9,3,1,77.7777778,0.9656000
1012,7,9,3,2,77.7777778,0.9669000
1013,7,10,2,1,70.0000000,0.9581000
1014,7,10,3,1,70.0000000,0.9514000
1015,7,10,3,2,70.0000000,0.9534000
1016,7,10,4,1,70.0000000,0.9536000
1017,7,10,4,2,70.0000000,0.9523000
1018,7,10,4,3,70.0000000,0.9547000
1019,7,11,2,1,63.6363636,0.9556000
1020,7,11,3,1,63.6363636,0.9519000
1021,7,11,3,2,63.6363636,0.9502000
1022,7,11,4,1,63.6363636,0.9476000
1023,7,11,4,2,63.6363636,0.9518000
1024,7,11,4,3,63.6363636,0.9484000
1025,7,12,2,1,58.3333333,0.9430000
1026,7,12,3,1,58.3333333,0.9331000
1027,7,12,3,2,58.3333333,0.9387000
1028,7,12,4,1,58.3333333,0.9395000
1029,7,12,4,2,58.3333333,0.9372000
1030,7,12,4,3,58.3333333,0.9374000
1031,7,12,5,1,58.3333333,0.9403000
1032,7,12,5,2,58.3333333,0.9422000
1033,7,12,5,3,58.3333333,0.9387000
1034,7,12,5,4,58.3333333,0.9405000
1035,7,13,2,1,53.8461538,0.9412000
1036,7,13,3,1,53.8461538,0.9393000
1037,7,13,3,2,53.8461538,0.9348000
1038,7,13,4,1,53.8461538,0.9344000
1039,7,13,4,2,53.8461538,0.9376000
1040,7,13,4,3,53.8461538,0.9335000
1041,7,13,5,1,53.8461538,0.9394000
1042,7,13,5,2,53.8461538,0.9369000
1043,7,13,5,3,53.8461538,0.9382000
1044,7,13,5,4,53.8461538,0.9424000
1045,7,14,2,1,50.0000000,0.9285000
1046,7,14,3,1,50.0000000,0.9256000
1047,7,14,3,2,50.0000000,0.9268000
1048,7,14,4,1,50.0000000,0.9300000
1049,7,14,4,2,50.0000000,0.9304000
1050,7,14,4,3,50.0000000,0.9275000
1051,7,14,5,1,50.0000000,0.9251000
1052,7,14,5,2,50.0000000,0.9279000
1053,7,14,5,3,50.0000000,0.9273000
1054,7,14,5,4,50.0000000,0.9262000
1055,7,14,6,1,50.0000000,0.9248000
1056,7,14,6,2,50.0000000,0.9263000
1057,7,14,6,3,50.0000000,0.9281000
1058,7,14,6,4,50.0000000,0.9276000
1059,7,14,6,5,50.0000000,0.9313000
1060,7,15,2,1,46.6666667,0.9205000
1061,7,15,3,1,46.6666667,0.9236000
1062,7,15,3,2,46.6666667,0.9208000
1063,7,15,4,1,46.6666667,0.9270000
1064,7,15,4,2,46.6666667,0.9288000
1065,7,15,4,3,46.6666667,0.9217000
1066,7,15,5,1,46.6666667,0.9244000
1067,7,15,5,2,46.6666667,0.9283000
1068,7,15,5,3,46.6666667,0.9313000
1069,7,15,5,4,46.6666667,0.9282000
1070,7,15,6,1,46.6666667,0.9249000
1071,7,15,6,2,46.6666667,0.9257000
1072,7,15,6,3,46.6666667,0.9221000
1073,7,15,6,4,46.6666667,0.9310000
1074,7,15,6,5,46.6666667,0.9274000
1075,7,16,2,1,43.7500000,0.9249000
1076,7,16,3,1,43.7500000,0.9210000
1077,7,16,3,2,43.7500000,0.9145000
1078,7,16,4,1,43.7500000,0.9151000
1079,7,16,4,2,43.7500000,0.9159000
1080,7,16,4,3,43.7500000,0.9197000
1081,7,16,5,1,43.7500000,0.9170000
1082,7,16,5,2,43.7500000,0.9164000
1083,7,16,5,3,43.7500000,0.9198000
1084,7,16,5,4,43.7500000,0.9210000
1085,7,16,6,1,43.7500000,0.9215000
1086,7,16,6,2,43.7500000,0.9173000
1087,7,16,6,3,43.7500000,0.9199000
1088,7,16,6,4,43.7500000,0.9182000
1089,7,16,6,5,43.7500000,0.9187000
1090,7,16,7,1,43.7500000,0.9187000
1091,7,16,7,2,43.7500000,0.9168000
1092,7,16,7,3,43.7500000,0.9212000
1093,7,16,7,4,43.7500000,0.9172000
1094,7,16,7,5,43.7500000,0.9213000
1095,7,16,7,6,43.7500000,0.9180000
1096,7,17,2,1,41.1764706,0.9140000
1097,7,17,3,1,41.1764706,0.9140000
1098,7,17,3,2,41.1764706,0.9169000
1099,7,17,4,1,41.1764706,0.9163000
1100,7,17,4,2,41.1764706,0.9203000
1101,7,17,4,3,41.1764706,0.9160000
1102,7,17,5,1,41.1764706,0.9200000
1103,7,17,5,2,41.1764706,0.9170000
1104,7,17,5,3,41.1764706,0.9171000
1105,7,17,5,4,41.1764706,0.9133000
1106,7,17,6,1,41.1764706,0.9100000
1107,7,17,6,2,41.1764706,0.9174000
1108,7,17,6,3,41.1764706,0.9210000
1109,7,17,6,4,41.1764706,0.9140000
1110,7,17,6,5,41.1764706,0.9194000
1111,7,17,7,1,41.1764706,0.9183000
1112,7,17,7,2,41.1764706,0.9179000
1113,7,17,7,3,41.1764706,0.9158000
1114,7,17,7,4,41.1764706,0.9207000
1115,7,17,7,5,41.1764706,0.9200000
1116,7,17,7,6,41.1764706,0.9197000
1117,7,18,2,1,38.8888889,0.9096000
1118,7,18,3,1,38.8888889,0.9074000
1119,7,18,3,2,38.8888889,0.9055000
1120,7,18,4,1,38.8888889,0.9076000
1121,7,18,4,2,38.8888889,0.9034000
1122,7,18,4,3,38.8888889,0.9070000
1123,7,18,5,1,38.8888889,0.9091000
1124,7,18,5,2,38.8888889,0.9132000
1125,7,18,5,3,38.8888889,0.9068000
1126,7,18,5,4,38.8888889,0.9092000
1127,7,18,6,1,38.8888889,0.9125000
1128,7,18,6,2,38.8888889,0.9049000
1129,7,18,6,3,38.8888889,0.9098000
1130,7,18,6,4,38.8888889,0.9114000
1131,7,18,6,5,38.8888889,0.9081000
1132,7,18,7,1,38.8888889,0.9105000
1133,7,18,7,2,38.8888889,0.9111000
1134,7,18,7,3,38.8888889,0.9119000
1135,7,18,7,4,38.8888889,0.9131000
1136,7,18,7,5,38.8888889,0.9113000
1137,7,18,7,6,38.8888889,0.9082000
1138,7,18,8,1,38.8888889,0.9099000
1139,7,18,8,2,38.8888889,0.9143000
1140,7,18,8,3,38.8888889,0.9111000
1141,7,18,8,4,38.8888889,0.9121000
1142,7,18,8,5,38.8888889,0.9117000
1143,7,18,8,6,38.8888889,0.9108000
1144,7,18,8,7,38.8888889,0.9148000
1145,7,19,2,1,36.8421053,0.9035000
1146,7,19,3,1,36.8421053,0.9054000
1147,7,19,3,2,36.8421053,0.9005000
1148,7,19,4,1,36.8421053,0.9076000
1149,7,19,4,2,36.8421053,0.9066000
1150,7,19,4,3,36.8421053,0.9101000
1151,7,19,5,1,36.8421053,0.9080000
1152,7,19,5,2,36.8421053,0.9050000
1153,7,19,5,3,36.8421053,0.9100000
1154,7,19,5,4,36.8421053,0.9115000
1155,7,19,6,1,36.8421053,0.9128000
1156,7,19,6,2,36.8421053,0.9119000
1157,7,19,6,3,36.8421053,0.9160000
1158,7,19,6,4,36.8421053,0.9114000
1159,7,19,6,5,36.8421053,0.9060000
1160,7,19,7,1,36.8421053,0.9111000
1161,7,19,7,2,36.8421053,0.9038000
1162,7,19,7,3,36.8421053,0.9107000
1163,7,19,7,4,36.8421053,0.9106000
1164,7,19,7,5,36.8421053,0.9072000
1165,7,19,7,6,36.8421053,0.9088000
1166,7,19,8,1,36.8421053,0.9096000
1167,7,19,8,2,36.8421053,0.9108000
1168,7,19,8,3,36.8421053,0.9156000
1169,7,19,8,4,36.8421053,0.9140000
1170,7,19,8,5,36.8421053,0.9069000
1171,7,19,8,6,36.8421053,0.9169000
1172,7,19,8,7,36.8421053,0.9106000
